Compound,InChI,Target CCS Prediction,Target CCS Prediction RFE VS
Curvularide C,"InChI=1S/C19H37NO5/c1-7-13(3)16(12-21)20-17(23)9-10-19(5,25-6)18(24)14(4)11-15(22)8-2/h9-10,13-16,18,21-22,24H,7-8,11-12H2,1-6H3,(H,20,23)/b10-9+/t13-,14-,15+,16+,18-,19+/m0/s1",194.9135649827054,194.74399050842317
Curvularide C,"InChI=1S/C19H37NO5/c1-7-13(3)16(12-21)20-17(23)9-10-19(5,25-6)18(24)14(4)11-15(22)8-2/h9-10,13-16,18,21-22,24H,7-8,11-12H2,1-6H3,(H,20,23)/b10-9+/t13-,14-,15+,16+,18-,19+/m0/s1",194.9135649827054,194.74399050842317
Curvularide C,"InChI=1S/C19H37NO5/c1-7-13(3)16(12-21)20-17(23)9-10-19(5,25-6)18(24)14(4)11-15(22)8-2/h9-10,13-16,18,21-22,24H,7-8,11-12H2,1-6H3,(H,20,23)/b10-9+/t13-,14-,15+,16+,18-,19+/m0/s1",194.9135649827054,194.74399050842317
Curvularide C,"InChI=1S/C19H37NO5/c1-7-13(3)16(12-21)20-17(23)9-10-19(5,25-6)18(24)14(4)11-15(22)8-2/h9-10,13-16,18,21-22,24H,7-8,11-12H2,1-6H3,(H,20,23)/b10-9+/t13-,14-,15+,16+,18-,19+/m0/s1",194.9135649827054,194.74399050842317
