InChI,Adducts,Compound,Target CCS Prediction,Target CCS Prediction RFE VS
"InChI=1S/C17H13N3O2/c1-10-15-19-13-8-4-2-6-11(13)17(22)20(15)14-9-5-3-7-12(14)16(21)18-10/h2-10H,1H3,(H,18,21)",M+H,CNP0176671,181.2225026562291,181.10070090625555
"InChI=1S/C17H13N3O2/c1-10-15-19-13-8-4-2-6-11(13)17(22)20(15)14-9-5-3-7-12(14)16(21)18-10/h2-10H,1H3,(H,18,21)",M+Na,CNP0176671,181.2225026562291,181.10070090625555
"InChI=1S/C17H13N3O2/c1-10-15-19-13-8-4-2-6-11(13)17(22)20(15)14-9-5-3-7-12(14)16(21)18-10/h2-10H,1H3,(H,18,21)",M-H,CNP0176671,181.2225026562291,181.10070090625555
"InChI=1S/C17H13N3O2/c1-10-15-19-13-8-4-2-6-11(13)17(22)20(15)14-9-5-3-7-12(14)16(21)18-10/h2-10H,1H3,(H,18,21)",M-2H,CNP0176671,181.2225026562291,181.10070090625555
